FirstName,LastName,Status,Email,Company,
a1,b1,New,,a1b1
a2,b2,New,a2b2@yopmail.com,a2b2
a3,b3,New,a3b3@yopmail.com,a3b3
a4,b4,New,a4b4@yopmail.com,a4b4
a5,b5,New,a5b5@yopmail.com,a5b5
a6,b6,New,a6b6@yopmail.com,a6b6
a7,b7,New,a7b7@yopmail.com,a7b7
a8,b8,New,a8b8@yopmail.com,a8b8
a9,b9,New,a9b9@yopmail.com,a9b9
a10,b10,New,a10b10@yopmail.com,a10b10
a11,b11,New,a11b11@yopmail.com,a11b11
a12,b12,New,a12b12@yopmail.com,a12b12
a13,b13,New,a13b13@yopmail.com,a13b13
a14,b14,New,a14b14@yopmail.com,a14b14
a15,b15,New,a15b15@yopmail.com,a15b15
a16,b16,New,a16b16@yopmail.com,a16b16
a17,b17,New,a17b17@yopmail.com,a17b17
a18,b18,New,a18b18@yopmail.com,a18b18
a19,b19,New,a19b19@yopmail.com,a19b19
a20,b20,New,a20b20@yopmail.com,a20b20
a21,b21,New,a21b21@yopmail.com,a21b21
a22,b22,New,a22b22@yopmail.com,a22b22
a23,b23,New,a23b23@yopmail.com,a23b23
a24,b24,New,a24b24@yopmail.com,a24b24
a25,b25,New,a25b25@yopmail.com,a25b25
a26,b26,New,a26b26@yopmail.com,a26b26
a27,b27,New,a27b27@yopmail.com,a27b27
a28,b28,New,a28b28@yopmail.com,a28b28
a29,b29,New,a29b29@yopmail.com,a29b29
a30,b30,New,a30b30@yopmail.com,a30b30
a31,b31,New,a31b31@yopmail.com,a31b31
a32,b32,New,a32b32@yopmail.com,a32b32
a33,b33,New,a33b33@yopmail.com,a33b33
a34,b34,New,a34b34@yopmail.com,a34b34
a35,b35,New,a35b35@yopmail.com,a35b35
a36,b36,New,a36b36@yopmail.com,a36b36
a37,b37,New,a37b37@yopmail.com,a37b37
a38,b38,New,a38b38@yopmail.com,a38b38
a39,b39,New,a39b39@yopmail.com,a39b39
a40,b40,New,a40b40@yopmail.com,a40b40
a41,b41,New,a41b41@yopmail.com,a41b41
a42,b42,New,a42b42@yopmail.com,a42b42
a43,b43,New,a43b43@yopmail.com,a43b43
a44,b44,New,a44b44@yopmail.com,a44b44
a45,b45,New,a45b45@yopmail.com,a45b45
a46,b46,New,a46b46@yopmail.com,a46b46
a47,b47,New,a47b47@yopmail.com,a47b47
a48,b48,New,a48b48@yopmail.com,a48b48
a49,b49,New,a49b49@yopmail.com,a49b49
a50,b50,New,a50b50@yopmail.com,a50b50
a51,b51,New,a51b51@yopmail.com,a51b51
a52,b52,New,a52b52@yopmail.com,a52b52
a53,b53,New,a53b53@yopmail.com,a53b53
a54,b54,New,a54b54@yopmail.com,a54b54
a55,b55,New,a55b55@yopmail.com,a55b55
a56,b56,New,a56b56@yopmail.com,a56b56
a57,b57,New,a57b57@yopmail.com,a57b57
a58,b58,New,a58b58@yopmail.com,a58b58
a59,b59,New,a59b59@yopmail.com,a59b59
a60,b60,New,a60b60@yopmail.com,a60b60
a61,b61,New,a61b61@yopmail.com,a61b61
a62,b62,New,a62b62@yopmail.com,a62b62
a63,b63,New,a63b63@yopmail.com,a63b63
a64,b64,New,a64b64@yopmail.com,a64b64
a65,b65,New,a65b65@yopmail.com,a65b65
a66,b66,New,a66b66@yopmail.com,a66b66
a67,b67,New,a67b67@yopmail.com,a67b67
a68,b68,New,a68b68@yopmail.com,a68b68
a69,b69,New,a69b69@yopmail.com,a69b69
a70,b70,New,a70b70@yopmail.com,a70b70
a71,b71,New,a71b71@yopmail.com,a71b71
a72,b72,New,a72b72@yopmail.com,a72b72
a73,b73,New,a73b73@yopmail.com,a73b73
a74,b74,New,a74b74@yopmail.com,a74b74
a75,b75,New,a75b75@yopmail.com,a75b75
a76,b76,New,a76b76@yopmail.com,a76b76
a77,b77,New,a77b77@yopmail.com,a77b77
a78,b78,New,a78b78@yopmail.com,a78b78
a79,b79,New,a79b79@yopmail.com,a79b79
a80,b80,New,a80b80@yopmail.com,a80b80
a81,b81,New,a81b81@yopmail.com,a81b81
a82,b82,New,a82b82@yopmail.com,a82b82
a83,b83,New,a83b83@yopmail.com,a83b83
a84,b84,New,a84b84@yopmail.com,a84b84
a85,b85,New,a85b85@yopmail.com,a85b85
a86,b86,New,a86b86@yopmail.com,a86b86
a87,b87,New,a87b87@yopmail.com,a87b87
a88,b88,New,a88b88@yopmail.com,a88b88
a89,b89,New,a89b89@yopmail.com,a89b89
a90,b90,New,a90b90@yopmail.com,a90b90
a91,b91,New,a91b91@yopmail.com,a91b91
a92,b92,New,a92b92@yopmail.com,a92b92
a93,b93,New,a93b93@yopmail.com,a93b93
a94,b94,New,a94b94@yopmail.com,a94b94
a95,b95,New,a95b95@yopmail.com,a95b95
a96,b96,New,a96b96@yopmail.com,a96b96
a97,b97,New,a97b97@yopmail.com,a97b97
a98,b98,New,a98b98@yopmail.com,a98b98
a99,b99,New,a99b99@yopmail.com,a99b99
a100,b100,New,a100b100@yopmail.com,a100b100
a101,b101,New,a101b101@yopmail.com,a101b101
a102,b102,New,a102b102@yopmail.com,a102b102
a103,b103,New,a103b103@yopmail.com,a103b103
a104,b104,New,a104b104@yopmail.com,a104b104
a105,b105,New,a105b105@yopmail.com,a105b105
a106,b106,New,a106b106@yopmail.com,a106b106
a107,b107,New,a107b107@yopmail.com,a107b107
a108,b108,New,a108b108@yopmail.com,a108b108
a109,b109,New,a109b109@yopmail.com,a109b109
a110,b110,New,a110b110@yopmail.com,a110b110
a111,b111,New,a111b111@yopmail.com,a111b111
a112,b112,New,a112b112@yopmail.com,a112b112
a113,b113,New,a113b113@yopmail.com,a113b113
a114,b114,New,a114b114@yopmail.com,a114b114
a115,b115,New,a115b115@yopmail.com,a115b115
a116,b116,New,a116b116@yopmail.com,a116b116
a117,b117,New,a117b117@yopmail.com,a117b117
a118,b118,New,a118b118@yopmail.com,a118b118
a119,b119,New,a119b119@yopmail.com,a119b119
a120,b120,New,a120b120@yopmail.com,a120b120
a121,b121,New,a121b121@yopmail.com,a121b121
a122,b122,New,a122b122@yopmail.com,a122b122
a123,b123,New,a123b123@yopmail.com,a123b123
a124,b124,New,a124b124@yopmail.com,a124b124
a125,b125,New,a125b125@yopmail.com,a125b125
a126,b126,New,a126b126@yopmail.com,a126b126
a127,b127,New,a127b127@yopmail.com,a127b127
a128,b128,New,a128b128@yopmail.com,a128b128
a129,b129,New,a129b129@yopmail.com,a129b129
a130,b130,New,a130b130@yopmail.com,a130b130
a131,b131,New,a131b131@yopmail.com,a131b131
a132,b132,New,a132b132@yopmail.com,a132b132
a133,b133,New,a133b133@yopmail.com,a133b133
a134,b134,New,a134b134@yopmail.com,a134b134
a135,b135,New,a135b135@yopmail.com,a135b135
a136,b136,New,a136b136@yopmail.com,a136b136
a137,b137,New,a137b137@yopmail.com,a137b137
a138,b138,New,a138b138@yopmail.com,a138b138
a139,b139,New,a139b139@yopmail.com,a139b139
a140,b140,New,a140b140@yopmail.com,a140b140
a141,b141,New,a141b141@yopmail.com,a141b141
a142,b142,New,a142b142@yopmail.com,a142b142
a143,b143,New,a143b143@yopmail.com,a143b143
a144,b144,New,a144b144@yopmail.com,a144b144
a145,b145,New,a145b145@yopmail.com,a145b145
a146,b146,New,a146b146@yopmail.com,a146b146
a147,b147,New,a147b147@yopmail.com,a147b147
a148,b148,New,a148b148@yopmail.com,a148b148
a149,b149,New,a149b149@yopmail.com,a149b149
a150,b150,New,a150b150@yopmail.com,a150b150
a151,b151,New,a151b151@yopmail.com,a151b151
a152,b152,New,a152b152@yopmail.com,a152b152
a153,b153,New,a153b153@yopmail.com,a153b153
a154,b154,New,a154b154@yopmail.com,a154b154
a155,b155,New,a155b155@yopmail.com,a155b155
a156,b156,New,a156b156@yopmail.com,a156b156
a157,b157,New,a157b157@yopmail.com,a157b157
a158,b158,New,a158b158@yopmail.com,a158b158
a159,b159,New,a159b159@yopmail.com,a159b159
a160,b160,New,a160b160@yopmail.com,a160b160
a161,b161,New,a161b161@yopmail.com,a161b161
a162,b162,New,a162b162@yopmail.com,a162b162
a163,b163,New,a163b163@yopmail.com,a163b163
a164,b164,New,a164b164@yopmail.com,a164b164
a165,b165,New,a165b165@yopmail.com,a165b165
a166,b166,New,a166b166@yopmail.com,a166b166
a167,b167,New,a167b167@yopmail.com,a167b167
a168,b168,New,a168b168@yopmail.com,a168b168
a169,b169,New,a169b169@yopmail.com,a169b169
a170,b170,New,a170b170@yopmail.com,a170b170
a171,b171,New,a171b171@yopmail.com,a171b171
a172,b172,New,a172b172@yopmail.com,a172b172
a173,b173,New,a173b173@yopmail.com,a173b173
a174,b174,New,a174b174@yopmail.com,a174b174
a175,b175,New,a175b175@yopmail.com,a175b175
a176,b176,New,a176b176@yopmail.com,a176b176
a177,b177,New,a177b177@yopmail.com,a177b177
a178,b178,New,a178b178@yopmail.com,a178b178
a179,b179,New,a179b179@yopmail.com,a179b179
a180,b180,New,a180b180@yopmail.com,a180b180
a181,b181,New,a181b181@yopmail.com,a181b181
a182,b182,New,a182b182@yopmail.com,a182b182
a183,b183,New,a183b183@yopmail.com,a183b183
a184,b184,New,a184b184@yopmail.com,a184b184
a185,b185,New,a185b185@yopmail.com,a185b185
a186,b186,New,a186b186@yopmail.com,a186b186
a187,b187,New,a187b187@yopmail.com,a187b187
a188,b188,New,a188b188@yopmail.com,a188b188
a189,b189,New,a189b189@yopmail.com,a189b189
a190,b190,New,a190b190@yopmail.com,a190b190
a191,b191,New,a191b191@yopmail.com,a191b191
a192,b192,New,a192b192@yopmail.com,a192b192
a193,b193,New,a193b193@yopmail.com,a193b193
a194,b194,New,a194b194@yopmail.com,a194b194
a195,b195,New,a195b195@yopmail.com,a195b195
a196,b196,New,a196b196@yopmail.com,a196b196
a197,b197,New,a197b197@yopmail.com,a197b197
a198,b198,New,a198b198@yopmail.com,a198b198
a199,b199,New,a199b199@yopmail.com,a199b199
a200,b200,New,a200b200@yopmail.com,a200b200
a201,b201,New,a201b201@yopmail.com,a201b201
a202,b202,New,a202b202@yopmail.com,a202b202
a203,b203,New,a203b203@yopmail.com,a203b203
a204,b204,New,a204b204@yopmail.com,a204b204
a205,b205,New,a205b205@yopmail.com,a205b205
a206,b206,New,a206b206@yopmail.com,a206b206
a207,b207,New,a207b207@yopmail.com,a207b207
a208,b208,New,a208b208@yopmail.com,a208b208
a209,b209,New,a209b209@yopmail.com,a209b209
a210,b210,New,a210b210@yopmail.com,a210b210
a211,b211,New,a211b211@yopmail.com,a211b211
a212,b212,New,a212b212@yopmail.com,a212b212
a213,b213,New,a213b213@yopmail.com,a213b213
a214,b214,New,a214b214@yopmail.com,a214b214
a215,b215,New,a215b215@yopmail.com,a215b215
a216,b216,New,a216b216@yopmail.com,a216b216
a217,b217,New,a217b217@yopmail.com,a217b217
a218,b218,New,a218b218@yopmail.com,a218b218
a219,b219,New,a219b219@yopmail.com,a219b219
a220,b220,New,a220b220@yopmail.com,a220b220
a221,b221,New,a221b221@yopmail.com,a221b221
a222,b222,New,a222b222@yopmail.com,a222b222
a223,b223,New,a223b223@yopmail.com,a223b223
a224,b224,New,a224b224@yopmail.com,a224b224
a225,b225,New,a225b225@yopmail.com,a225b225
a226,b226,New,a226b226@yopmail.com,a226b226
a227,b227,New,a227b227@yopmail.com,a227b227
a228,b228,New,a228b228@yopmail.com,a228b228
a229,b229,New,a229b229@yopmail.com,a229b229
a230,b230,New,a230b230@yopmail.com,a230b230
a231,b231,New,a231b231@yopmail.com,a231b231
a232,b232,New,a232b232@yopmail.com,a232b232
a233,b233,New,a233b233@yopmail.com,a233b233
a234,b234,New,a234b234@yopmail.com,a234b234
a235,b235,New,a235b235@yopmail.com,a235b235
a236,b236,New,a236b236@yopmail.com,a236b236
a237,b237,New,a237b237@yopmail.com,a237b237
a238,b238,New,a238b238@yopmail.com,a238b238
a239,b239,New,a239b239@yopmail.com,a239b239
a240,b240,New,a240b240@yopmail.com,a240b240
a241,b241,New,a241b241@yopmail.com,a241b241
a242,b242,New,a242b242@yopmail.com,a242b242
a243,b243,New,a243b243@yopmail.com,a243b243
a244,b244,New,a244b244@yopmail.com,a244b244
a245,b245,New,a245b245@yopmail.com,a245b245
a246,b246,New,a246b246@yopmail.com,a246b246
a247,b247,New,a247b247@yopmail.com,a247b247
a248,b248,New,a248b248@yopmail.com,a248b248
a249,b249,New,a249b249@yopmail.com,a249b249
a250,b250,New,a250b250@yopmail.com,a250b250
a251,b251,New,a251b251@yopmail.com,a251b251
a252,b252,New,a252b252@yopmail.com,a252b252
a253,b253,New,a253b253@yopmail.com,a253b253
a254,b254,New,a254b254@yopmail.com,a254b254
a255,b255,New,a255b255@yopmail.com,a255b255
a256,b256,New,a256b256@yopmail.com,a256b256
a257,b257,New,a257b257@yopmail.com,a257b257
a258,b258,New,a258b258@yopmail.com,a258b258
a259,b259,New,a259b259@yopmail.com,a259b259
a260,b260,New,a260b260@yopmail.com,a260b260
a261,b261,New,a261b261@yopmail.com,a261b261
a262,b262,New,a262b262@yopmail.com,a262b262
a263,b263,New,a263b263@yopmail.com,a263b263
a264,b264,New,a264b264@yopmail.com,a264b264
a265,b265,New,a265b265@yopmail.com,a265b265
a266,b266,New,a266b266@yopmail.com,a266b266
a267,b267,New,a267b267@yopmail.com,a267b267
a268,b268,New,a268b268@yopmail.com,a268b268
a269,b269,New,a269b269@yopmail.com,a269b269
a270,b270,New,a270b270@yopmail.com,a270b270
a271,b271,New,a271b271@yopmail.com,a271b271
a272,b272,New,a272b272@yopmail.com,a272b272
a273,b273,New,a273b273@yopmail.com,a273b273
a274,b274,New,a274b274@yopmail.com,a274b274
a275,b275,New,a275b275@yopmail.com,a275b275
a276,b276,New,a276b276@yopmail.com,a276b276
a277,b277,New,a277b277@yopmail.com,a277b277
a278,b278,New,a278b278@yopmail.com,a278b278
a279,b279,New,a279b279@yopmail.com,a279b279
a280,b280,New,a280b280@yopmail.com,a280b280
a281,b281,New,a281b281@yopmail.com,a281b281
a282,b282,New,a282b282@yopmail.com,a282b282
a283,b283,New,a283b283@yopmail.com,a283b283
a284,b284,New,a284b284@yopmail.com,a284b284
a285,b285,New,a285b285@yopmail.com,a285b285
a286,b286,New,a286b286@yopmail.com,a286b286
a287,b287,New,a287b287@yopmail.com,a287b287
a288,b288,New,a288b288@yopmail.com,a288b288
a289,b289,New,a289b289@yopmail.com,a289b289
a290,b290,New,a290b290@yopmail.com,a290b290
a291,b291,New,a291b291@yopmail.com,a291b291
a292,b292,New,a292b292@yopmail.com,a292b292
a293,b293,New,a293b293@yopmail.com,a293b293
a294,b294,New,a294b294@yopmail.com,a294b294
a295,b295,New,a295b295@yopmail.com,a295b295
a296,b296,New,a296b296@yopmail.com,a296b296
a297,b297,New,a297b297@yopmail.com,a297b297
a298,b298,New,a298b298@yopmail.com,a298b298
a299,b299,New,a299b299@yopmail.com,a299b299
a300,b300,New,a300b300@yopmail.com,a300b300
a301,b301,New,a301b301@yopmail.com,a301b301
a302,b302,New,a302b302@yopmail.com,a302b302
a303,b303,New,a303b303@yopmail.com,a303b303
a304,b304,New,a304b304@yopmail.com,a304b304
a305,b305,New,a305b305@yopmail.com,a305b305
a306,b306,New,a306b306@yopmail.com,a306b306
a307,b307,New,a307b307@yopmail.com,a307b307
a308,b308,New,a308b308@yopmail.com,a308b308
a309,b309,New,a309b309@yopmail.com,a309b309
a310,b310,New,a310b310@yopmail.com,a310b310
a311,b311,New,a311b311@yopmail.com,a311b311
a312,b312,New,a312b312@yopmail.com,a312b312
a313,b313,New,a313b313@yopmail.com,a313b313
a314,b314,New,a314b314@yopmail.com,a314b314
a315,b315,New,a315b315@yopmail.com,a315b315
a316,b316,New,a316b316@yopmail.com,a316b316
a317,b317,New,a317b317@yopmail.com,a317b317
a318,b318,New,a318b318@yopmail.com,a318b318
a319,b319,New,a319b319@yopmail.com,a319b319
a320,b320,New,a320b320@yopmail.com,a320b320
a321,b321,New,a321b321@yopmail.com,a321b321
a322,b322,New,a322b322@yopmail.com,a322b322
a323,b323,New,a323b323@yopmail.com,a323b323
a324,b324,New,a324b324@yopmail.com,a324b324
a325,b325,New,a325b325@yopmail.com,a325b325
a326,b326,New,a326b326@yopmail.com,a326b326
a327,b327,New,a327b327@yopmail.com,a327b327
a328,b328,New,a328b328@yopmail.com,a328b328
a329,b329,New,a329b329@yopmail.com,a329b329
a330,b330,New,a330b330@yopmail.com,a330b330
a331,b331,New,a331b331@yopmail.com,a331b331
a332,b332,New,a332b332@yopmail.com,a332b332
a333,b333,New,a333b333@yopmail.com,a333b333
a334,b334,New,a334b334@yopmail.com,a334b334
a335,b335,New,a335b335@yopmail.com,a335b335
a336,b336,New,a336b336@yopmail.com,a336b336
a337,b337,New,a337b337@yopmail.com,a337b337
a338,b338,New,a338b338@yopmail.com,a338b338
a339,b339,New,a339b339@yopmail.com,a339b339
a340,b340,New,a340b340@yopmail.com,a340b340
a341,b341,New,a341b341@yopmail.com,a341b341
a342,b342,New,a342b342@yopmail.com,a342b342
a343,b343,New,a343b343@yopmail.com,a343b343
a344,b344,New,a344b344@yopmail.com,a344b344
a345,b345,New,a345b345@yopmail.com,a345b345
a346,b346,New,a346b346@yopmail.com,a346b346
a347,b347,New,a347b347@yopmail.com,a347b347
a348,b348,New,a348b348@yopmail.com,a348b348
a349,b349,New,a349b349@yopmail.com,a349b349
a350,b350,New,a350b350@yopmail.com,a350b350
a351,b351,New,a351b351@yopmail.com,a351b351
a352,b352,New,a352b352@yopmail.com,a352b352
a353,b353,New,a353b353@yopmail.com,a353b353
a354,b354,New,a354b354@yopmail.com,a354b354
a355,b355,New,a355b355@yopmail.com,a355b355
a356,b356,New,a356b356@yopmail.com,a356b356
a357,b357,New,a357b357@yopmail.com,a357b357
a358,b358,New,a358b358@yopmail.com,a358b358
a359,b359,New,a359b359@yopmail.com,a359b359
a360,b360,New,a360b360@yopmail.com,a360b360
a361,b361,New,a361b361@yopmail.com,a361b361
a362,b362,New,a362b362@yopmail.com,a362b362
a363,b363,New,a363b363@yopmail.com,a363b363
a364,b364,New,a364b364@yopmail.com,a364b364
a365,b365,New,a365b365@yopmail.com,a365b365
a366,b366,New,a366b366@yopmail.com,a366b366
a367,b367,New,a367b367@yopmail.com,a367b367
a368,b368,New,a368b368@yopmail.com,a368b368
a369,b369,New,a369b369@yopmail.com,a369b369
a370,b370,New,a370b370@yopmail.com,a370b370
a371,b371,New,a371b371@yopmail.com,a371b371
a372,b372,New,a372b372@yopmail.com,a372b372
a373,b373,New,a373b373@yopmail.com,a373b373
a374,b374,New,a374b374@yopmail.com,a374b374
a375,b375,New,a375b375@yopmail.com,a375b375
a376,b376,New,a376b376@yopmail.com,a376b376
a377,b377,New,a377b377@yopmail.com,a377b377
a378,b378,New,a378b378@yopmail.com,a378b378
a379,b379,New,a379b379@yopmail.com,a379b379
a380,b380,New,a380b380@yopmail.com,a380b380
a381,b381,New,a381b381@yopmail.com,a381b381
a382,b382,New,a382b382@yopmail.com,a382b382
a383,b383,New,a383b383@yopmail.com,a383b383
a384,b384,New,a384b384@yopmail.com,a384b384
a385,b385,New,a385b385@yopmail.com,a385b385
a386,b386,New,a386b386@yopmail.com,a386b386
a387,b387,New,a387b387@yopmail.com,a387b387
a388,b388,New,a388b388@yopmail.com,a388b388
a389,b389,New,a389b389@yopmail.com,a389b389
a390,b390,New,a390b390@yopmail.com,a390b390
a391,b391,New,a391b391@yopmail.com,a391b391
a392,b392,New,a392b392@yopmail.com,a392b392
a393,b393,New,a393b393@yopmail.com,a393b393
a394,b394,New,a394b394@yopmail.com,a394b394
a395,b395,New,a395b395@yopmail.com,a395b395
a396,b396,New,a396b396@yopmail.com,a396b396
a397,b397,New,a397b397@yopmail.com,a397b397
a398,b398,New,a398b398@yopmail.com,a398b398
a399,b399,New,a399b399@yopmail.com,a399b399
a400,b400,New,a400b400@yopmail.com,a400b400
a401,b401,New,a401b401@yopmail.com,a401b401
a402,b402,New,a402b402@yopmail.com,a402b402
a403,b403,New,a403b403@yopmail.com,a403b403
a404,b404,New,a404b404@yopmail.com,a404b404
a405,b405,New,a405b405@yopmail.com,a405b405
a406,b406,New,a406b406@yopmail.com,a406b406
a407,b407,New,a407b407@yopmail.com,a407b407
a408,b408,New,a408b408@yopmail.com,a408b408
a409,b409,New,a409b409@yopmail.com,a409b409
a410,b410,New,a410b410@yopmail.com,a410b410
a411,b411,New,a411b411@yopmail.com,a411b411
a412,b412,New,a412b412@yopmail.com,a412b412
a413,b413,New,a413b413@yopmail.com,a413b413
a414,b414,New,a414b414@yopmail.com,a414b414
a415,b415,New,a415b415@yopmail.com,a415b415
a416,b416,New,a416b416@yopmail.com,a416b416
a417,b417,New,a417b417@yopmail.com,a417b417
a418,b418,New,a418b418@yopmail.com,a418b418
a419,b419,New,a419b419@yopmail.com,a419b419
a420,b420,New,a420b420@yopmail.com,a420b420
a421,b421,New,a421b421@yopmail.com,a421b421
a422,b422,New,a422b422@yopmail.com,a422b422
a423,b423,New,a423b423@yopmail.com,a423b423
a424,b424,New,a424b424@yopmail.com,a424b424
a425,b425,New,a425b425@yopmail.com,a425b425
a426,b426,New,a426b426@yopmail.com,a426b426
a427,b427,New,a427b427@yopmail.com,a427b427
a428,b428,New,a428b428@yopmail.com,a428b428
a429,b429,New,a429b429@yopmail.com,a429b429
a430,b430,New,a430b430@yopmail.com,a430b430
a431,b431,New,a431b431@yopmail.com,a431b431
a432,b432,New,a432b432@yopmail.com,a432b432
a433,b433,New,a433b433@yopmail.com,a433b433
a434,b434,New,a434b434@yopmail.com,a434b434
a435,b435,New,a435b435@yopmail.com,a435b435
a436,b436,New,a436b436@yopmail.com,a436b436
a437,b437,New,a437b437@yopmail.com,a437b437
a438,b438,New,a438b438@yopmail.com,a438b438
a439,b439,New,a439b439@yopmail.com,a439b439
a440,b440,New,a440b440@yopmail.com,a440b440
a441,b441,New,a441b441@yopmail.com,a441b441
a442,b442,New,a442b442@yopmail.com,a442b442
a443,b443,New,a443b443@yopmail.com,a443b443
a444,b444,New,a444b444@yopmail.com,a444b444
a445,b445,New,a445b445@yopmail.com,a445b445
a446,b446,New,a446b446@yopmail.com,a446b446
a447,b447,New,a447b447@yopmail.com,a447b447
a448,b448,New,a448b448@yopmail.com,a448b448
a449,b449,New,a449b449@yopmail.com,a449b449
a450,b450,New,a450b450@yopmail.com,a450b450
a451,b451,New,a451b451@yopmail.com,a451b451
a452,b452,New,a452b452@yopmail.com,a452b452
a453,b453,New,a453b453@yopmail.com,a453b453
a454,b454,New,a454b454@yopmail.com,a454b454
a455,b455,New,a455b455@yopmail.com,a455b455
a456,b456,New,a456b456@yopmail.com,a456b456
a457,b457,New,a457b457@yopmail.com,a457b457
a458,b458,New,a458b458@yopmail.com,a458b458
a459,b459,New,a459b459@yopmail.com,a459b459
a460,b460,New,a460b460@yopmail.com,a460b460
a461,b461,New,a461b461@yopmail.com,a461b461
a462,b462,New,a462b462@yopmail.com,a462b462
a463,b463,New,a463b463@yopmail.com,a463b463
a464,b464,New,a464b464@yopmail.com,a464b464
a465,b465,New,a465b465@yopmail.com,a465b465
a466,b466,New,a466b466@yopmail.com,a466b466
a467,b467,New,a467b467@yopmail.com,a467b467
a468,b468,New,a468b468@yopmail.com,a468b468
a469,b469,New,a469b469@yopmail.com,a469b469
a470,b470,New,a470b470@yopmail.com,a470b470
a471,b471,New,a471b471@yopmail.com,a471b471
a472,b472,New,a472b472@yopmail.com,a472b472
a473,b473,New,a473b473@yopmail.com,a473b473
a474,b474,New,a474b474@yopmail.com,a474b474
a475,b475,New,a475b475@yopmail.com,a475b475
a476,b476,New,a476b476@yopmail.com,a476b476
a477,b477,New,a477b477@yopmail.com,a477b477
a478,b478,New,a478b478@yopmail.com,a478b478
a479,b479,New,a479b479@yopmail.com,a479b479
a480,b480,New,a480b480@yopmail.com,a480b480
a481,b481,New,a481b481@yopmail.com,a481b481
a482,b482,New,a482b482@yopmail.com,a482b482
a483,b483,New,a483b483@yopmail.com,a483b483
a484,b484,New,a484b484@yopmail.com,a484b484
a485,b485,New,a485b485@yopmail.com,a485b485
a486,b486,New,a486b486@yopmail.com,a486b486
a487,b487,New,a487b487@yopmail.com,a487b487
a488,b488,New,a488b488@yopmail.com,a488b488
a489,b489,New,a489b489@yopmail.com,a489b489
a490,b490,New,a490b490@yopmail.com,a490b490
a491,b491,New,a491b491@yopmail.com,a491b491
a492,b492,New,a492b492@yopmail.com,a492b492
a493,b493,New,a493b493@yopmail.com,a493b493
a494,b494,New,a494b494@yopmail.com,a494b494
a495,b495,New,a495b495@yopmail.com,a495b495
a496,b496,New,a496b496@yopmail.com,a496b496
a497,b497,New,a497b497@yopmail.com,a497b497
a498,b498,New,a498b498@yopmail.com,a498b498
a499,b499,New,a499b499@yopmail.com,a499b499
a500,b500,New,a500b500@yopmail.com,a500b500
a501,b501,New,a501b501@yopmail.com,a501b501
a502,b502,New,a502b502@yopmail.com,a502b502
a503,b503,New,a503b503@yopmail.com,a503b503
a504,b504,New,a504b504@yopmail.com,a504b504
a505,b505,New,a505b505@yopmail.com,a505b505
a506,b506,New,a506b506@yopmail.com,a506b506
a507,b507,New,a507b507@yopmail.com,a507b507
a508,b508,New,a508b508@yopmail.com,a508b508
a509,b509,New,a509b509@yopmail.com,a509b509
a510,b510,New,a510b510@yopmail.com,a510b510
a511,b511,New,a511b511@yopmail.com,a511b511
a512,b512,New,a512b512@yopmail.com,a512b512
a513,b513,New,a513b513@yopmail.com,a513b513
a514,b514,New,a514b514@yopmail.com,a514b514
a515,b515,New,a515b515@yopmail.com,a515b515
a516,b516,New,a516b516@yopmail.com,a516b516
a517,b517,New,a517b517@yopmail.com,a517b517
a518,b518,New,a518b518@yopmail.com,a518b518
a519,b519,New,a519b519@yopmail.com,a519b519
a520,b520,New,a520b520@yopmail.com,a520b520
a521,b521,New,a521b521@yopmail.com,a521b521
a522,b522,New,a522b522@yopmail.com,a522b522
a523,b523,New,a523b523@yopmail.com,a523b523
a524,b524,New,a524b524@yopmail.com,a524b524
a525,b525,New,a525b525@yopmail.com,a525b525
a526,b526,New,a526b526@yopmail.com,a526b526
a527,b527,New,a527b527@yopmail.com,a527b527
a528,b528,New,a528b528@yopmail.com,a528b528
a529,b529,New,a529b529@yopmail.com,a529b529
a530,b530,New,a530b530@yopmail.com,a530b530
a531,b531,New,a531b531@yopmail.com,a531b531
a532,b532,New,a532b532@yopmail.com,a532b532
a533,b533,New,a533b533@yopmail.com,a533b533
a534,b534,New,a534b534@yopmail.com,a534b534
a535,b535,New,a535b535@yopmail.com,a535b535
a536,b536,New,a536b536@yopmail.com,a536b536
a537,b537,New,a537b537@yopmail.com,a537b537
a538,b538,New,a538b538@yopmail.com,a538b538
a539,b539,New,a539b539@yopmail.com,a539b539
a540,b540,New,a540b540@yopmail.com,a540b540
a541,b541,New,a541b541@yopmail.com,a541b541
a542,b542,New,a542b542@yopmail.com,a542b542
a543,b543,New,a543b543@yopmail.com,a543b543
a544,b544,New,a544b544@yopmail.com,a544b544
a545,b545,New,a545b545@yopmail.com,a545b545
a546,b546,New,a546b546@yopmail.com,a546b546
a547,b547,New,a547b547@yopmail.com,a547b547
a548,b548,New,a548b548@yopmail.com,a548b548
a549,b549,New,a549b549@yopmail.com,a549b549
a550,b550,New,a550b550@yopmail.com,a550b550
a551,b551,New,a551b551@yopmail.com,a551b551
a552,b552,New,a552b552@yopmail.com,a552b552
a553,b553,New,a553b553@yopmail.com,a553b553
a554,b554,New,a554b554@yopmail.com,a554b554
a555,b555,New,a555b555@yopmail.com,a555b555
a556,b556,New,a556b556@yopmail.com,a556b556
a557,b557,New,a557b557@yopmail.com,a557b557
a558,b558,New,a558b558@yopmail.com,a558b558
a559,b559,New,a559b559@yopmail.com,a559b559
a560,b560,New,a560b560@yopmail.com,a560b560
a561,b561,New,a561b561@yopmail.com,a561b561
a562,b562,New,a562b562@yopmail.com,a562b562
a563,b563,New,a563b563@yopmail.com,a563b563
a564,b564,New,a564b564@yopmail.com,a564b564
a565,b565,New,a565b565@yopmail.com,a565b565
a566,b566,New,a566b566@yopmail.com,a566b566
a567,b567,New,a567b567@yopmail.com,a567b567
a568,b568,New,a568b568@yopmail.com,a568b568
a569,b569,New,a569b569@yopmail.com,a569b569
a570,b570,New,a570b570@yopmail.com,a570b570
a571,b571,New,a571b571@yopmail.com,a571b571
a572,b572,New,a572b572@yopmail.com,a572b572
a573,b573,New,a573b573@yopmail.com,a573b573
a574,b574,New,a574b574@yopmail.com,a574b574
a575,b575,New,a575b575@yopmail.com,a575b575
a576,b576,New,a576b576@yopmail.com,a576b576
a577,b577,New,a577b577@yopmail.com,a577b577
a578,b578,New,a578b578@yopmail.com,a578b578
a579,b579,New,a579b579@yopmail.com,a579b579
a580,b580,New,a580b580@yopmail.com,a580b580
a581,b581,New,a581b581@yopmail.com,a581b581
a582,b582,New,a582b582@yopmail.com,a582b582
a583,b583,New,a583b583@yopmail.com,a583b583
a584,b584,New,a584b584@yopmail.com,a584b584
a585,b585,New,a585b585@yopmail.com,a585b585
a586,b586,New,a586b586@yopmail.com,a586b586
a587,b587,New,a587b587@yopmail.com,a587b587
a588,b588,New,a588b588@yopmail.com,a588b588
a589,b589,New,a589b589@yopmail.com,a589b589
a590,b590,New,a590b590@yopmail.com,a590b590
a591,b591,New,a591b591@yopmail.com,a591b591
a592,b592,New,a592b592@yopmail.com,a592b592
a593,b593,New,a593b593@yopmail.com,a593b593
a594,b594,New,a594b594@yopmail.com,a594b594
a595,b595,New,a595b595@yopmail.com,a595b595
a596,b596,New,a596b596@yopmail.com,a596b596
a597,b597,New,a597b597@yopmail.com,a597b597
a598,b598,New,a598b598@yopmail.com,a598b598
a599,b599,New,a599b599@yopmail.com,a599b599
a600,b600,New,a600b600@yopmail.com,a600b600
a601,b601,New,a601b601@yopmail.com,a601b601
a602,b602,New,a602b602@yopmail.com,a602b602
a603,b603,New,a603b603@yopmail.com,a603b603
a604,b604,New,a604b604@yopmail.com,a604b604
a605,b605,New,a605b605@yopmail.com,a605b605
a606,b606,New,a606b606@yopmail.com,a606b606
a607,b607,New,a607b607@yopmail.com,a607b607
a608,b608,New,a608b608@yopmail.com,a608b608
a609,b609,New,a609b609@yopmail.com,a609b609
a610,b610,New,a610b610@yopmail.com,a610b610
a611,b611,New,a611b611@yopmail.com,a611b611
a612,b612,New,a612b612@yopmail.com,a612b612
a613,b613,New,a613b613@yopmail.com,a613b613
a614,b614,New,a614b614@yopmail.com,a614b614
a615,b615,New,a615b615@yopmail.com,a615b615
a616,b616,New,a616b616@yopmail.com,a616b616
a617,b617,New,a617b617@yopmail.com,a617b617
a618,b618,New,a618b618@yopmail.com,a618b618
a619,b619,New,a619b619@yopmail.com,a619b619
a620,b620,New,a620b620@yopmail.com,a620b620
a621,b621,New,a621b621@yopmail.com,a621b621
a622,b622,New,a622b622@yopmail.com,a622b622
a623,b623,New,a623b623@yopmail.com,a623b623
a624,b624,New,a624b624@yopmail.com,a624b624
a625,b625,New,a625b625@yopmail.com,a625b625
a626,b626,New,a626b626@yopmail.com,a626b626
a627,b627,New,a627b627@yopmail.com,a627b627
a628,b628,New,a628b628@yopmail.com,a628b628
a629,b629,New,a629b629@yopmail.com,a629b629
a630,b630,New,a630b630@yopmail.com,a630b630
a631,b631,New,a631b631@yopmail.com,a631b631
a632,b632,New,a632b632@yopmail.com,a632b632
a633,b633,New,a633b633@yopmail.com,a633b633
a634,b634,New,a634b634@yopmail.com,a634b634
a635,b635,New,a635b635@yopmail.com,a635b635
a636,b636,New,a636b636@yopmail.com,a636b636
a637,b637,New,a637b637@yopmail.com,a637b637
a638,b638,New,a638b638@yopmail.com,a638b638
a639,b639,New,a639b639@yopmail.com,a639b639
a640,b640,New,a640b640@yopmail.com,a640b640
a641,b641,New,a641b641@yopmail.com,a641b641
a642,b642,New,a642b642@yopmail.com,a642b642
a643,b643,New,a643b643@yopmail.com,a643b643
a644,b644,New,a644b644@yopmail.com,a644b644
a645,b645,New,a645b645@yopmail.com,a645b645
a646,b646,New,a646b646@yopmail.com,a646b646
a647,b647,New,a647b647@yopmail.com,a647b647
a648,b648,New,a648b648@yopmail.com,a648b648
a649,b649,New,a649b649@yopmail.com,a649b649
a650,b650,New,a650b650@yopmail.com,a650b650
a651,b651,New,a651b651@yopmail.com,a651b651
a652,b652,New,a652b652@yopmail.com,a652b652
a653,b653,New,a653b653@yopmail.com,a653b653
a654,b654,New,a654b654@yopmail.com,a654b654
a655,b655,New,a655b655@yopmail.com,a655b655
a656,b656,New,a656b656@yopmail.com,a656b656
a657,b657,New,a657b657@yopmail.com,a657b657
a658,b658,New,a658b658@yopmail.com,a658b658
a659,b659,New,a659b659@yopmail.com,a659b659
a660,b660,New,a660b660@yopmail.com,a660b660
a661,b661,New,a661b661@yopmail.com,a661b661
a662,b662,New,a662b662@yopmail.com,a662b662
a663,b663,New,a663b663@yopmail.com,a663b663
a664,b664,New,a664b664@yopmail.com,a664b664
a665,b665,New,a665b665@yopmail.com,a665b665
a666,b666,New,a666b666@yopmail.com,a666b666
a667,b667,New,a667b667@yopmail.com,a667b667
a668,b668,New,a668b668@yopmail.com,a668b668
a669,b669,New,a669b669@yopmail.com,a669b669
a670,b670,New,a670b670@yopmail.com,a670b670
a671,b671,New,a671b671@yopmail.com,a671b671
a672,b672,New,a672b672@yopmail.com,a672b672
a673,b673,New,a673b673@yopmail.com,a673b673
a674,b674,New,a674b674@yopmail.com,a674b674
a675,b675,New,a675b675@yopmail.com,a675b675
a676,b676,New,a676b676@yopmail.com,a676b676
a677,b677,New,a677b677@yopmail.com,a677b677
a678,b678,New,a678b678@yopmail.com,a678b678
a679,b679,New,a679b679@yopmail.com,a679b679
a680,b680,New,a680b680@yopmail.com,a680b680
a681,b681,New,a681b681@yopmail.com,a681b681
a682,b682,New,a682b682@yopmail.com,a682b682
a683,b683,New,a683b683@yopmail.com,a683b683
a684,b684,New,a684b684@yopmail.com,a684b684
a685,b685,New,a685b685@yopmail.com,a685b685
a686,b686,New,a686b686@yopmail.com,a686b686
a687,b687,New,a687b687@yopmail.com,a687b687
a688,b688,New,a688b688@yopmail.com,a688b688
a689,b689,New,a689b689@yopmail.com,a689b689
a690,b690,New,a690b690@yopmail.com,a690b690
a691,b691,New,a691b691@yopmail.com,a691b691
a692,b692,New,a692b692@yopmail.com,a692b692
a693,b693,New,a693b693@yopmail.com,a693b693
a694,b694,New,a694b694@yopmail.com,a694b694
a695,b695,New,a695b695@yopmail.com,a695b695
a696,b696,New,a696b696@yopmail.com,a696b696
a697,b697,New,a697b697@yopmail.com,a697b697
a698,b698,New,a698b698@yopmail.com,a698b698
a699,b699,New,a699b699@yopmail.com,a699b699
a700,b700,New,a700b700@yopmail.com,a700b700
a701,b701,New,a701b701@yopmail.com,a701b701
a702,b702,New,a702b702@yopmail.com,a702b702
a703,b703,New,a703b703@yopmail.com,a703b703
a704,b704,New,a704b704@yopmail.com,a704b704
a705,b705,New,a705b705@yopmail.com,a705b705
a706,b706,New,a706b706@yopmail.com,a706b706
a707,b707,New,a707b707@yopmail.com,a707b707
a708,b708,New,a708b708@yopmail.com,a708b708
a709,b709,New,a709b709@yopmail.com,a709b709
a710,b710,New,a710b710@yopmail.com,a710b710
a711,b711,New,a711b711@yopmail.com,a711b711
a712,b712,New,a712b712@yopmail.com,a712b712
a713,b713,New,a713b713@yopmail.com,a713b713
a714,b714,New,a714b714@yopmail.com,a714b714
a715,b715,New,a715b715@yopmail.com,a715b715
a716,b716,New,a716b716@yopmail.com,a716b716
a717,b717,New,a717b717@yopmail.com,a717b717
a718,b718,New,a718b718@yopmail.com,a718b718
a719,b719,New,a719b719@yopmail.com,a719b719
a720,b720,New,a720b720@yopmail.com,a720b720
a721,b721,New,a721b721@yopmail.com,a721b721
a722,b722,New,a722b722@yopmail.com,a722b722
a723,b723,New,a723b723@yopmail.com,a723b723
a724,b724,New,a724b724@yopmail.com,a724b724
a725,b725,New,a725b725@yopmail.com,a725b725
a726,b726,New,a726b726@yopmail.com,a726b726
a727,b727,New,a727b727@yopmail.com,a727b727
a728,b728,New,a728b728@yopmail.com,a728b728
a729,b729,New,a729b729@yopmail.com,a729b729
a730,b730,New,a730b730@yopmail.com,a730b730
a731,b731,New,a731b731@yopmail.com,a731b731
a732,b732,New,a732b732@yopmail.com,a732b732
a733,b733,New,a733b733@yopmail.com,a733b733
a734,b734,New,a734b734@yopmail.com,a734b734
a735,b735,New,a735b735@yopmail.com,a735b735
a736,b736,New,a736b736@yopmail.com,a736b736
a737,b737,New,a737b737@yopmail.com,a737b737
a738,b738,New,a738b738@yopmail.com,a738b738
a739,b739,New,a739b739@yopmail.com,a739b739
a740,b740,New,a740b740@yopmail.com,a740b740
a741,b741,New,a741b741@yopmail.com,a741b741
a742,b742,New,a742b742@yopmail.com,a742b742
a743,b743,New,a743b743@yopmail.com,a743b743
a744,b744,New,a744b744@yopmail.com,a744b744
a745,b745,New,a745b745@yopmail.com,a745b745
a746,b746,New,a746b746@yopmail.com,a746b746
a747,b747,New,a747b747@yopmail.com,a747b747
a748,b748,New,a748b748@yopmail.com,a748b748
a749,b749,New,a749b749@yopmail.com,a749b749
a750,b750,New,a750b750@yopmail.com,a750b750
a751,b751,New,a751b751@yopmail.com,a751b751
a752,b752,New,a752b752@yopmail.com,a752b752
a753,b753,New,a753b753@yopmail.com,a753b753
a754,b754,New,a754b754@yopmail.com,a754b754
a755,b755,New,a755b755@yopmail.com,a755b755
a756,b756,New,a756b756@yopmail.com,a756b756
a757,b757,New,a757b757@yopmail.com,a757b757
a758,b758,New,a758b758@yopmail.com,a758b758
a759,b759,New,a759b759@yopmail.com,a759b759
a760,b760,New,a760b760@yopmail.com,a760b760
a761,b761,New,a761b761@yopmail.com,a761b761
a762,b762,New,a762b762@yopmail.com,a762b762
a763,b763,New,a763b763@yopmail.com,a763b763
a764,b764,New,a764b764@yopmail.com,a764b764
a765,b765,New,a765b765@yopmail.com,a765b765
a766,b766,New,a766b766@yopmail.com,a766b766
a767,b767,New,a767b767@yopmail.com,a767b767
a768,b768,New,a768b768@yopmail.com,a768b768
a769,b769,New,a769b769@yopmail.com,a769b769
a770,b770,New,a770b770@yopmail.com,a770b770
a771,b771,New,a771b771@yopmail.com,a771b771
a772,b772,New,a772b772@yopmail.com,a772b772
a773,b773,New,a773b773@yopmail.com,a773b773
a774,b774,New,a774b774@yopmail.com,a774b774
a775,b775,New,a775b775@yopmail.com,a775b775
a776,b776,New,a776b776@yopmail.com,a776b776
a777,b777,New,a777b777@yopmail.com,a777b777
a778,b778,New,a778b778@yopmail.com,a778b778
a779,b779,New,a779b779@yopmail.com,a779b779
a780,b780,New,a780b780@yopmail.com,a780b780
a781,b781,New,a781b781@yopmail.com,a781b781
a782,b782,New,a782b782@yopmail.com,a782b782
a783,b783,New,a783b783@yopmail.com,a783b783
a784,b784,New,a784b784@yopmail.com,a784b784
a785,b785,New,a785b785@yopmail.com,a785b785
a786,b786,New,a786b786@yopmail.com,a786b786
a787,b787,New,a787b787@yopmail.com,a787b787
a788,b788,New,a788b788@yopmail.com,a788b788
a789,b789,New,a789b789@yopmail.com,a789b789
a790,b790,New,a790b790@yopmail.com,a790b790
a791,b791,New,a791b791@yopmail.com,a791b791
a792,b792,New,a792b792@yopmail.com,a792b792
a793,b793,New,a793b793@yopmail.com,a793b793
a794,b794,New,a794b794@yopmail.com,a794b794
a795,b795,New,a795b795@yopmail.com,a795b795
a796,b796,New,a796b796@yopmail.com,a796b796
a797,b797,New,a797b797@yopmail.com,a797b797
a798,b798,New,a798b798@yopmail.com,a798b798
a799,b799,New,a799b799@yopmail.com,a799b799
a800,b800,New,a800b800@yopmail.com,a800b800
a801,b801,New,a801b801@yopmail.com,a801b801
a802,b802,New,a802b802@yopmail.com,a802b802
a803,b803,New,a803b803@yopmail.com,a803b803
a804,b804,New,a804b804@yopmail.com,a804b804
a805,b805,New,a805b805@yopmail.com,a805b805
a806,b806,New,a806b806@yopmail.com,a806b806
a807,b807,New,a807b807@yopmail.com,a807b807
a808,b808,New,a808b808@yopmail.com,a808b808
a809,b809,New,a809b809@yopmail.com,a809b809
a810,b810,New,a810b810@yopmail.com,a810b810
a811,b811,New,a811b811@yopmail.com,a811b811
a812,b812,New,a812b812@yopmail.com,a812b812
a813,b813,New,a813b813@yopmail.com,a813b813
a814,b814,New,a814b814@yopmail.com,a814b814
a815,b815,New,a815b815@yopmail.com,a815b815
a816,b816,New,a816b816@yopmail.com,a816b816
a817,b817,New,a817b817@yopmail.com,a817b817
a818,b818,New,a818b818@yopmail.com,a818b818
a819,b819,New,a819b819@yopmail.com,a819b819
a820,b820,New,a820b820@yopmail.com,a820b820
a821,b821,New,a821b821@yopmail.com,a821b821
a822,b822,New,a822b822@yopmail.com,a822b822
a823,b823,New,a823b823@yopmail.com,a823b823
a824,b824,New,a824b824@yopmail.com,a824b824
a825,b825,New,a825b825@yopmail.com,a825b825
a826,b826,New,a826b826@yopmail.com,a826b826
a827,b827,New,a827b827@yopmail.com,a827b827
a828,b828,New,a828b828@yopmail.com,a828b828
a829,b829,New,a829b829@yopmail.com,a829b829
a830,b830,New,a830b830@yopmail.com,a830b830
a831,b831,New,a831b831@yopmail.com,a831b831
a832,b832,New,a832b832@yopmail.com,a832b832
a833,b833,New,a833b833@yopmail.com,a833b833
a834,b834,New,a834b834@yopmail.com,a834b834
a835,b835,New,a835b835@yopmail.com,a835b835
a836,b836,New,a836b836@yopmail.com,a836b836
a837,b837,New,a837b837@yopmail.com,a837b837
a838,b838,New,a838b838@yopmail.com,a838b838
a839,b839,New,a839b839@yopmail.com,a839b839
a840,b840,New,a840b840@yopmail.com,a840b840
a841,b841,New,a841b841@yopmail.com,a841b841
a842,b842,New,a842b842@yopmail.com,a842b842
a843,b843,New,a843b843@yopmail.com,a843b843
a844,b844,New,a844b844@yopmail.com,a844b844
a845,b845,New,a845b845@yopmail.com,a845b845
a846,b846,New,a846b846@yopmail.com,a846b846
a847,b847,New,a847b847@yopmail.com,a847b847
a848,b848,New,a848b848@yopmail.com,a848b848
a849,b849,New,a849b849@yopmail.com,a849b849
a850,b850,New,a850b850@yopmail.com,a850b850
a851,b851,New,a851b851@yopmail.com,a851b851
a852,b852,New,a852b852@yopmail.com,a852b852
a853,b853,New,a853b853@yopmail.com,a853b853
a854,b854,New,a854b854@yopmail.com,a854b854
a855,b855,New,a855b855@yopmail.com,a855b855
a856,b856,New,a856b856@yopmail.com,a856b856
a857,b857,New,a857b857@yopmail.com,a857b857
a858,b858,New,a858b858@yopmail.com,a858b858
a859,b859,New,a859b859@yopmail.com,a859b859
a860,b860,New,a860b860@yopmail.com,a860b860
a861,b861,New,a861b861@yopmail.com,a861b861
a862,b862,New,a862b862@yopmail.com,a862b862
a863,b863,New,a863b863@yopmail.com,a863b863
a864,b864,New,a864b864@yopmail.com,a864b864
a865,b865,New,a865b865@yopmail.com,a865b865
a866,b866,New,a866b866@yopmail.com,a866b866
a867,b867,New,a867b867@yopmail.com,a867b867
a868,b868,New,a868b868@yopmail.com,a868b868
a869,b869,New,a869b869@yopmail.com,a869b869
a870,b870,New,a870b870@yopmail.com,a870b870
a871,b871,New,a871b871@yopmail.com,a871b871
a872,b872,New,a872b872@yopmail.com,a872b872
a873,b873,New,a873b873@yopmail.com,a873b873
a874,b874,New,a874b874@yopmail.com,a874b874
a875,b875,New,a875b875@yopmail.com,a875b875
a876,b876,New,a876b876@yopmail.com,a876b876
a877,b877,New,a877b877@yopmail.com,a877b877
a878,b878,New,a878b878@yopmail.com,a878b878
a879,b879,New,a879b879@yopmail.com,a879b879
a880,b880,New,a880b880@yopmail.com,a880b880
a881,b881,New,a881b881@yopmail.com,a881b881
a882,b882,New,a882b882@yopmail.com,a882b882
a883,b883,New,a883b883@yopmail.com,a883b883
a884,b884,New,a884b884@yopmail.com,a884b884
a885,b885,New,a885b885@yopmail.com,a885b885
a886,b886,New,a886b886@yopmail.com,a886b886
a887,b887,New,a887b887@yopmail.com,a887b887
a888,b888,New,a888b888@yopmail.com,a888b888
a889,b889,New,a889b889@yopmail.com,a889b889
a890,b890,New,a890b890@yopmail.com,a890b890
a891,b891,New,a891b891@yopmail.com,a891b891
a892,b892,New,a892b892@yopmail.com,a892b892
a893,b893,New,a893b893@yopmail.com,a893b893
a894,b894,New,a894b894@yopmail.com,a894b894
a895,b895,New,a895b895@yopmail.com,a895b895
a896,b896,New,a896b896@yopmail.com,a896b896
a897,b897,New,a897b897@yopmail.com,a897b897
a898,b898,New,a898b898@yopmail.com,a898b898
a899,b899,New,a899b899@yopmail.com,a899b899
a900,b900,New,a900b900@yopmail.com,a900b900
a901,b901,New,a901b901@yopmail.com,a901b901
a902,b902,New,a902b902@yopmail.com,a902b902
a903,b903,New,a903b903@yopmail.com,a903b903
a904,b904,New,a904b904@yopmail.com,a904b904
a905,b905,New,a905b905@yopmail.com,a905b905
a906,b906,New,a906b906@yopmail.com,a906b906
a907,b907,New,a907b907@yopmail.com,a907b907
a908,b908,New,a908b908@yopmail.com,a908b908
a909,b909,New,a909b909@yopmail.com,a909b909
a910,b910,New,a910b910@yopmail.com,a910b910
a911,b911,New,a911b911@yopmail.com,a911b911
a912,b912,New,a912b912@yopmail.com,a912b912
a913,b913,New,a913b913@yopmail.com,a913b913
a914,b914,New,a914b914@yopmail.com,a914b914
a915,b915,New,a915b915@yopmail.com,a915b915
a916,b916,New,a916b916@yopmail.com,a916b916
a917,b917,New,a917b917@yopmail.com,a917b917
a918,b918,New,a918b918@yopmail.com,a918b918
a919,b919,New,a919b919@yopmail.com,a919b919
a920,b920,New,a920b920@yopmail.com,a920b920
a921,b921,New,a921b921@yopmail.com,a921b921
a922,b922,New,a922b922@yopmail.com,a922b922
a923,b923,New,a923b923@yopmail.com,a923b923
a924,b924,New,a924b924@yopmail.com,a924b924
a925,b925,New,a925b925@yopmail.com,a925b925
a926,b926,New,a926b926@yopmail.com,a926b926
a927,b927,New,a927b927@yopmail.com,a927b927
a928,b928,New,a928b928@yopmail.com,a928b928
a929,b929,New,a929b929@yopmail.com,a929b929
a930,b930,New,a930b930@yopmail.com,a930b930
a931,b931,New,a931b931@yopmail.com,a931b931
a932,b932,New,a932b932@yopmail.com,a932b932
a933,b933,New,a933b933@yopmail.com,a933b933
a934,b934,New,a934b934@yopmail.com,a934b934
a935,b935,New,a935b935@yopmail.com,a935b935
a936,b936,New,a936b936@yopmail.com,a936b936
a937,b937,New,a937b937@yopmail.com,a937b937
a938,b938,New,a938b938@yopmail.com,a938b938
a939,b939,New,a939b939@yopmail.com,a939b939
a940,b940,New,a940b940@yopmail.com,a940b940
a941,b941,New,a941b941@yopmail.com,a941b941
a942,b942,New,a942b942@yopmail.com,a942b942
a943,b943,New,a943b943@yopmail.com,a943b943
a944,b944,New,a944b944@yopmail.com,a944b944
a945,b945,New,a945b945@yopmail.com,a945b945
a946,b946,New,a946b946@yopmail.com,a946b946
a947,b947,New,a947b947@yopmail.com,a947b947
a948,b948,New,a948b948@yopmail.com,a948b948
a949,b949,New,a949b949@yopmail.com,a949b949
a950,b950,New,a950b950@yopmail.com,a950b950
a951,b951,New,a951b951@yopmail.com,a951b951
a952,b952,New,a952b952@yopmail.com,a952b952
a953,b953,New,a953b953@yopmail.com,a953b953
a954,b954,New,a954b954@yopmail.com,a954b954
a955,b955,New,a955b955@yopmail.com,a955b955
a956,b956,New,a956b956@yopmail.com,a956b956
a957,b957,New,a957b957@yopmail.com,a957b957
a958,b958,New,a958b958@yopmail.com,a958b958
a959,b959,New,a959b959@yopmail.com,a959b959
a960,b960,New,a960b960@yopmail.com,a960b960
a961,b961,New,a961b961@yopmail.com,a961b961
a962,b962,New,a962b962@yopmail.com,a962b962
a963,b963,New,a963b963@yopmail.com,a963b963
a964,b964,New,a964b964@yopmail.com,a964b964
a965,b965,New,a965b965@yopmail.com,a965b965
a966,b966,New,a966b966@yopmail.com,a966b966
a967,b967,New,a967b967@yopmail.com,a967b967
a968,b968,New,a968b968@yopmail.com,a968b968
a969,b969,New,a969b969@yopmail.com,a969b969
a970,b970,New,a970b970@yopmail.com,a970b970
a971,b971,New,a971b971@yopmail.com,a971b971
a972,b972,New,a972b972@yopmail.com,a972b972
a973,b973,New,a973b973@yopmail.com,a973b973
a974,b974,New,a974b974@yopmail.com,a974b974
a975,b975,New,a975b975@yopmail.com,a975b975
a976,b976,New,a976b976@yopmail.com,a976b976
a977,b977,New,a977b977@yopmail.com,a977b977
a978,b978,New,a978b978@yopmail.com,a978b978
a979,b979,New,a979b979@yopmail.com,a979b979
a980,b980,New,a980b980@yopmail.com,a980b980
a981,b981,New,a981b981@yopmail.com,a981b981
a982,b982,New,a982b982@yopmail.com,a982b982
a983,b983,New,a983b983@yopmail.com,a983b983
a984,b984,New,a984b984@yopmail.com,a984b984
a985,b985,New,a985b985@yopmail.com,a985b985
a986,b986,New,a986b986@yopmail.com,a986b986
a987,b987,New,a987b987@yopmail.com,a987b987
a988,b988,New,a988b988@yopmail.com,a988b988
a989,b989,New,a989b989@yopmail.com,a989b989
a990,b990,New,a990b990@yopmail.com,a990b990
a991,b991,New,a991b991@yopmail.com,a991b991
a992,b992,New,a992b992@yopmail.com,a992b992
a993,b993,New,a993b993@yopmail.com,a993b993
a994,b994,New,a994b994@yopmail.com,a994b994
a995,b995,New,a995b995@yopmail.com,a995b995
a996,b996,New,a996b996@yopmail.com,a996b996
a997,b997,New,a997b997@yopmail.com,a997b997
a998,b998,New,a998b998@yopmail.com,a998b998
a999,b999,New,a999b999@yopmail.com,a999b999
a1000,b1000,New,a1000b1000@yopmail.com,a1000b1000
a1001,b1001,New,a1001b1001@yopmail.com,a1001b1001
a1002,b1002,New,a1002b1002@yopmail.com,a1002b1002
a1003,b1003,New,a1003b1003@yopmail.com,a1003b1003
a1004,b1004,New,a1004b1004@yopmail.com,a1004b1004
a1005,b1005,New,a1005b1005@yopmail.com,a1005b1005
a1006,b1006,New,a1006b1006@yopmail.com,a1006b1006
a1007,b1007,New,a1007b1007@yopmail.com,a1007b1007
a1008,b1008,New,a1008b1008@yopmail.com,a1008b1008
a1009,b1009,New,a1009b1009@yopmail.com,a1009b1009
a1010,b1010,New,a1010b1010@yopmail.com,a1010b1010
a1011,b1011,New,a1011b1011@yopmail.com,a1011b1011
a1012,b1012,New,a1012b1012@yopmail.com,a1012b1012
a1013,b1013,New,a1013b1013@yopmail.com,a1013b1013
a1014,b1014,New,a1014b1014@yopmail.com,a1014b1014
a1015,b1015,New,a1015b1015@yopmail.com,a1015b1015
a1016,b1016,New,a1016b1016@yopmail.com,a1016b1016
a1017,b1017,New,a1017b1017@yopmail.com,a1017b1017
a1018,b1018,New,a1018b1018@yopmail.com,a1018b1018
a1019,b1019,New,a1019b1019@yopmail.com,a1019b1019
a1020,b1020,New,a1020b1020@yopmail.com,a1020b1020
a1021,b1021,New,a1021b1021@yopmail.com,a1021b1021
a1022,b1022,New,a1022b1022@yopmail.com,a1022b1022
a1023,b1023,New,a1023b1023@yopmail.com,a1023b1023
a1024,b1024,New,a1024b1024@yopmail.com,a1024b1024
a1025,b1025,New,a1025b1025@yopmail.com,a1025b1025